{
    "normals": [0.577349,-0.577349,-0.577349,0.577349,-0.577349,0.577349,-0.577349,-0.577349,0.577349,-0.577349,-0.577349,-0.577349,0.577349,0.577349,-0.577349,-0.577349,0.577349,-0.577349,-0.577349,0.577349,0.577349,0.577349,0.577349,0.577349],
    "faces": [33,0,3,2,1,0,1,2,3,33,4,5,6,7,4,5,6,7,33,0,1,5,4,0,3,5,4,33,1,2,6,5,3,2,6,5,33,2,3,7,6,2,1,7,6,33,3,0,4,7,1,0,4,7,33,8,11,10,9,3,0,1,2,33,12,13,14,15,5,6,7,4,33,8,9,13,12,3,2,6,5,33,9,10,14,13,2,1,7,6,33,10,11,15,14,1,0,4,7,33,12,15,11,8,5,4,0,3,33,16,19,18,17,6,7,4,5,33,20,21,22,23,2,3,0,1,33,16,17,21,20,6,5,3,2,33,17,18,22,21,5,4,0,3,33,18,19,23,22,4,7,1,0,33,20,23,19,16,2,1,7,6],
    "metadata": {
        "normals": 8,
        "version": 3,
        "type": "Geometry",
        "generator": "io_three",
        "faces": 18,
        "vertices": 24,
        "uvs": 0
    },
    "name": "Cube.002Geometry.1",
    "vertices": [0.090259,-0.090259,-0.478423,-0.090259,-0.090259,-0.478423,-0.090259,-0.090259,0.478423,0.090259,-0.090259,0.478423,0.090258,0.090259,-0.478423,-0.090259,0.090259,-0.478423,-0.090259,0.090259,0.478423,0.090259,0.090259,0.478423,-0.478423,-0.090259,-0.090259,-0.478423,-0.090259,0.090259,0.478423,-0.090259,0.090259,0.478423,-0.090259,-0.090259,-0.478423,0.090259,-0.090259,-0.478423,0.090259,0.090259,0.478423,0.090259,0.090259,0.478423,0.090259,-0.090259,0.226655,-0.226655,-0.226655,0.226655,-0.226655,0.226655,-0.226655,-0.226655,0.226655,-0.226655,-0.226655,-0.226655,0.226655,0.226655,-0.226655,0.226655,0.226655,0.226655,-0.226655,0.226655,0.226655,-0.226655,0.226655,-0.226655],
    "uvs": []
}