{
    "name": "CylinderGeometry.3",
    "uvs": [[0.430664,0.789062,0.047852,0.789062,0.430664,0.40625,0.047852,0.40625,0.688477,0.445312,0.630859,0.40332,0.757812,0.458984,0.827148,0.445312,0.884766,0.40332,0.926758,0.345703,0.94043,0.276367,0.926758,0.207031,0.884766,0.149414,0.827148,0.107422,0.757812,0.09375,0.688477,0.107422,0.630859,0.149414,0.588867,0.207031,0.575195,0.276367,0.588867,0.345703,0.532227,0.325195,0.532227,0.225586,0.419922,0.49707,0.495117,0.421875,0.419922,0.053711,0.014648,0.225586,0.051758,0.421875,0.223633,0.012695,0.223633,0.53418,0.323242,0.53418,0.051758,0.128906,0.323242,0.012695,0.014648,0.325195,0.495117,0.128906,0.126953,0.053711,0.126953,0.49707,0.613281,0.613281,0.996094,0.613281,0.996094,0.996094]],
    "metadata": {
        "type": "Geometry",
        "uvs": 1,
        "version": 3,
        "vertices": 122,
        "generator": "io_three",
        "faces": 188,
        "normals": 122
    },
    "vertices": [0.007816,-0.360354,-0.335578,0.063661,-0.189488,-0.239802,0.151907,-0.360354,-0.306917,0.16685,-0.189488,-0.19706,0.274062,-0.360354,-0.225295,0.245827,-0.189488,-0.118083,0.355684,-0.360354,-0.10314,0.28857,-0.189488,-0.014894,0.384345,-0.360354,0.040952,0.28857,-0.189488,0.096797,0.355684,-0.360354,0.185043,0.245827,-0.189488,0.199986,0.274062,-0.360354,0.307199,0.16685,-0.189488,0.278963,0.151907,-0.360354,0.38882,0.063661,-0.189488,0.321706,0.007815,-0.360354,0.417482,-0.04803,-0.189488,0.321706,-0.136276,-0.360354,0.38882,-0.151219,-0.189488,0.278963,-0.258432,-0.360354,0.307198,-0.230196,-0.189488,0.199986,-0.340053,-0.360354,0.185043,-0.272939,-0.189488,0.096797,-0.368714,-0.360354,0.040951,-0.272938,-0.189488,-0.014894,-0.340053,-0.360354,-0.10314,-0.230196,-0.189488,-0.118083,-0.258431,-0.360354,-0.225295,-0.151219,-0.189488,-0.19706,-0.136276,-0.360354,-0.306917,-0.048029,-0.189488,-0.239802,0.081273,-0.387896,-0.328343,0.217004,-0.387896,-0.272121,0.320889,-0.387896,-0.168237,0.377111,-0.387896,-0.032506,0.377111,-0.387896,0.114409,0.320889,-0.387896,0.25014,0.217004,-0.387896,0.354025,0.081273,-0.387895,0.410247,-0.065642,-0.387895,0.410247,-0.201373,-0.387896,0.354025,-0.305258,-0.387896,0.25014,-0.36148,-0.387896,0.114409,-0.361479,-0.387896,-0.032506,-0.305257,-0.387896,-0.168237,-0.201373,-0.387896,-0.272122,-0.065641,-0.387896,-0.328343,0.007816,-0.387896,-0.419201,0.183908,-0.387896,-0.384174,0.333192,-0.387896,-0.284425,0.432941,-0.387896,-0.135141,0.467968,-0.387896,0.040952,0.432941,-0.387896,0.217044,0.333192,-0.387896,0.366329,0.183908,-0.387895,0.466077,0.007815,-0.387895,0.501104,-0.168277,-0.387895,0.466077,-0.317562,-0.387896,0.366329,-0.41731,-0.387896,0.217044,-0.452337,-0.387896,0.040951,-0.41731,-0.387896,-0.135141,-0.317561,-0.387896,-0.284426,-0.168277,-0.387896,-0.384174,0.097587,-0.495051,-0.410359,0.263463,-0.495051,-0.341651,0.390418,-0.495051,-0.214695,0.459126,-0.495051,-0.04882,0.459126,-0.495051,0.130723,0.390418,-0.495051,0.296599,0.263463,-0.495051,0.423555,0.097587,-0.495051,0.492263,-0.081956,-0.495051,0.492263,-0.247832,-0.495051,0.423554,-0.374787,-0.495051,0.296599,-0.443495,-0.495051,0.130723,-0.443495,-0.495051,-0.04882,-0.374787,-0.495051,-0.214696,-0.247831,-0.495051,-0.341651,-0.081955,-0.495051,-0.410359,0.008882,-0.377054,0.037691,0.176172,-0.249257,0.159232,-0.055015,-0.249257,0.234351,-0.197899,-0.249256,0.037691,-0.055015,-0.249257,-0.158969,0.176172,-0.249257,-0.083851,0.07278,-0.042473,0.234351,-0.158407,-0.042473,0.159232,-0.158407,-0.042473,-0.083851,0.07278,-0.042473,-0.158969,0.215663,-0.042474,0.037691,0.008882,0.085323,0.037691,-0.028676,-0.342527,0.153284,0.107212,-0.342527,0.109131,0.069654,-0.26741,0.224725,0.205542,-0.267409,0.037691,0.107212,-0.342527,-0.033749,-0.11266,-0.342526,0.037691,-0.150219,-0.267409,0.153284,-0.028676,-0.342527,-0.077902,-0.150219,-0.267409,-0.077903,0.069654,-0.26741,-0.149343,0.228756,-0.145865,0.109131,0.228756,-0.145865,-0.033749,0.008882,-0.145865,0.268879,0.144771,-0.145865,0.224726,-0.210991,-0.145865,0.109131,-0.127007,-0.145865,0.224726,-0.127007,-0.145865,-0.149344,-0.210991,-0.145865,-0.033749,0.144771,-0.145865,-0.149344,0.008882,-0.145865,-0.193497,0.167983,-0.024321,0.153284,-0.05189,-0.024321,0.224725,-0.187778,-0.024321,0.037691,-0.05189,-0.024321,-0.149343,0.167983,-0.024321,-0.077903,0.04644,0.050796,0.153284,0.130425,0.050795,0.037691,-0.089447,0.050796,0.109131,-0.089447,0.050796,-0.033749,0.04644,0.050796,-0.077902],