{
    "metadata": {
        "faces": 22,
        "version": 3,
        "uvs": 0,
        "type": "Geometry",
        "generator": "io_three",
        "normals": 20,
        "vertices": 24
    },
    "faces": [33,0,1,2,3,0,1,2,3,33,6,5,9,10,4,5,5,4,33,0,4,5,1,0,6,5,1,33,1,5,6,2,1,5,4,2,33,2,6,7,3,2,4,7,3,33,4,0,3,7,6,0,3,7,33,11,10,14,15,7,4,8,9,33,5,4,8,9,5,6,6,5,33,7,6,10,11,7,4,4,7,33,4,7,11,8,6,7,7,6,33,12,15,19,16,10,9,11,12,33,8,11,15,12,6,7,9,10,33,10,9,13,14,4,5,13,8,33,9,8,12,13,5,6,10,13,33,18,17,21,22,14,15,16,17,33,14,13,17,18,8,13,15,14,33,13,12,16,17,13,10,12,15,33,15,14,18,19,9,8,14,11,33,20,23,22,21,18,19,17,16,33,17,16,20,21,15,12,18,16,33,19,18,22,23,11,14,17,19,33,16,19,23,20,12,11,19,18],
    "name": "CubeGeometry.3",
    "uvs": [],
    "normals": [0.577349,-0.577349,-0.577349,0.577349,-0.577349,0.577349,-0.577349,-0.577349,0.577349,-0.577349,-0.577349,-0.577349,-0.707083,0,0.707083,0.707083,0,0.707083,0.707083,0,-0.707083,-0.707083,0,-0.707083,-0.577349,0.577349,0.577349,-0.577349,0.577349,-0.577349,0.577349,0.577349,-0.577349,-0.157781,0.974761,-0.157781,0.157781,0.974761,-0.157781,0.577349,0.577349,0.577349,-0.157781,0.974761,0.157781,0.157781,0.974761,0.157781,0.397229,0.827265,0.397229,-0.397229,0.827265,0.397229,0.397229,0.827265,-0.397229,-0.397229,0.827265,-0.397229],
    "vertices": [0.457278,-3.92038,-0.457278,0.457278,-3.92038,0.457279,-0.457278,-3.92038,0.457278,-0.457278,-3.92038,-0.457278,0.457279,1.95117,-0.457278,0.457278,1.95117,0.457279,-0.457279,1.95117,0.457278,-0.457278,1.95117,-0.457278,0.457279,4.19881,-0.457278,0.457278,4.19881,0.457278,-0.457279,4.19881,0.457278,-0.457278,4.19881,-0.457278,0.457279,4.30489,-0.457278,0.457278,4.30489,0.457278,-0.457279,4.30489,0.457278,-0.457278,4.30489,-0.457279,0.312669,4.30489,-0.312669,0.312669,4.30489,0.312669,-0.312669,4.30489,0.312669,-0.312669,4.30489,-0.312669,0.055539,4.73769,-0.055539,0.055539,4.73769,0.055539,-0.055539,4.73769,0.055539,-0.055539,4.73769,-0.055539]
}