{
    "name": "Cube.017Geometry.2",
    "uvs": [],
    "metadata": {
        "type": "Geometry",
        "uvs": 0,
        "version": 3,
        "vertices": 288,
        "generator": "io_three",
        "faces": 216,
        "normals": 40
    },
    "vertices": [0.390424,-0.405445,-0.425052,0.390424,-0.358461,-0.472187,0.429743,-0.405445,-0.425052,0.429743,-0.358461,-0.472187,0.390424,0.397303,0.463178,0.390424,0.444288,0.416043,0.429743,0.397303,0.463178,0.429743,0.444288,0.416043,0.420297,0.441931,-0.451789,0.467126,0.395251,-0.451789,0.420297,0.441931,-0.371218,0.467126,0.395251,-0.371218,-0.463537,-0.356408,-0.45179,-0.416708,-0.403089,-0.45179,-0.463538,-0.356408,-0.371219,-0.416708,-0.403089,-0.371219,0.403081,-0.390636,0.360319,0.448661,-0.345202,0.360319,0.403081,-0.390636,0.43874,0.448661,-0.345202,0.43874,-0.45717,0.384044,0.360319,-0.41159,0.429479,0.360319,-0.45717,0.384044,0.43874,-0.41159,0.429479,0.43874,-0.392884,-0.405445,0.412859,-0.392884,-0.358461,0.459993,-0.432203,-0.405445,0.412859,-0.432203,-0.358461,0.459993,-0.392884,0.397303,-0.475371,-0.392884,0.444288,-0.428237,-0.432203,0.397303,-0.475371,-0.432203,0.444288,-0.428237,-0.495489,0.327279,-0.324929,-0.495489,0.502876,-0.32493,-0.495489,0.327279,-0.500527,-0.495489,0.502876,-0.500527,-0.319892,0.327279,-0.32493,-0.319892,0.502876,-0.32493,-0.319892,0.327279,-0.500527,-0.319892,0.502876,-0.500527,-0.362743,0.348743,-0.346394,-0.362743,0.481411,-0.346394,-0.362743,0.348743,-0.479062,-0.362743,0.481411,-0.479062,-0.230075,0.348743,-0.346394,-0.230075,0.481411,-0.346394,-0.230075,0.348743,-0.479062,-0.230075,0.481411,-0.479062,-0.473571,0.348743,-0.235031,-0.473571,0.481411,-0.235031,-0.473571,0.348743,-0.367699,-0.473571,0.481411,-0.367699,-0.340904,0.348743,-0.235031,-0.340904,0.481411,-0.235031,-0.340904,0.348743,-0.367699,-0.340904,0.481411,-0.367699,-0.382742,0.381801,-0.379452,-0.382742,0.448353,-0.379452,-0.382742,0.381801,-0.446004,-0.382742,0.448353,-0.446004,0.368512,0.381801,-0.379452,0.368512,0.448353,-0.379452,0.368512,0.381801,-0.446004,0.368512,0.448353,-0.446004,0.375445,0.381801,-0.377372,0.375445,0.448353,-0.377372,0.441998,0.381801,-0.377372,0.441998,0.448353,-0.377372,0.375445,0.381801,0.373882,0.375445,0.448353,0.373882,0.441998,0.381801,0.373882,0.441998,0.448353,0.373882,0.231024,0.348743,-0.47605,0.231024,0.481411,-0.47605,0.363692,0.348743,-0.47605,0.363692,0.481411,-0.47605,0.231024,0.348743,-0.343382,0.231024,0.481411,-0.343382,0.363692,0.348743,-0.343382,0.363692,0.481411,-0.343382,0.342388,0.348743,-0.365222,0.342388,0.481411,-0.365222,0.475055,0.348743,-0.365222,0.475055,0.481411,-0.365222,0.342388,0.348743,-0.232554,0.342388,0.481411,-0.232554,0.475055,0.348743,-0.232554,0.475055,0.481411,-0.232554,0.320923,0.327279,-0.497968,0.320923,0.502876,-0.497968,0.49652,0.327279,-0.497968,0.49652,0.502876,-0.497968,0.320923,0.327279,-0.32237,0.320923,0.502876,-0.32237,0.49652,0.327279,-0.32237,0.49652,0.502876,-0.32237,-0.324744,0.327279,0.485586,-0.324744,0.502876,0.485586,-0.500342,0.327279,0.485586,-0.500342,0.502876,0.485586,-0.324744,0.327279,0.309989,-0.324744,0.502876,0.309989,-0.500342,0.327279,0.309989,-0.500342,0.502876,0.309989,-0.346209,0.348743,0.35284,-0.346209,0.481411,0.35284,-0.478877,0.348743,0.35284,-0.478877,0.481411,0.35284,-0.346209,0.348743,0.220172,-0.346209,0.481411,0.220172,-0.478877,0.348743,0.220172,-0.478877,0.481411,0.220172,-0.234846,0.348743,0.463668,-0.234846,0.481411,0.463668,-0.367514,0.348743,0.463668,-0.367514,0.481411,0.463668,-0.234846,0.348743,0.331001,-0.234846,0.481411,0.331001,-0.367514,0.348743,0.331001,-0.367514,0.481411,0.331001,-0.379267,0.381801,0.357038,-0.379267,0.448353,0.357038,-0.445819,0.381801,0.357038,-0.445819,0.448353,0.357038,-0.379267,0.381801,-0.394216,-0.379267,0.448353,-0.394216,-0.445819,0.381801,-0.394216,-0.445819,0.448353,-0.394216,0.352193,0.381801,0.36707,0.352193,0.448353,0.36707,0.352193,0.381801,0.433623,0.352193,0.448353,0.433623,-0.399061,0.381801,0.367071,-0.399061,0.448353,0.367071,-0.399061,0.381801,0.433623,-0.399061,0.448353,0.433623,0.46975,0.348743,0.222649,0.46975,0.481411,0.222649,0.46975,0.348743,0.355317,0.46975,0.481411,0.355317,0.337082,0.348743,0.222649,0.337082,0.481411,0.222649,0.337082,0.348743,0.355317,0.337082,0.481411,0.355317,0.358921,0.348743,0.334013,0.358921,0.481411,0.334013,0.358921,0.348743,0.46668,0.358921,0.481411,0.46668,0.226253,0.348743,0.334013,0.226253,0.481411,0.334013,0.226253,0.348743,0.46668,0.226253,0.481411,0.46668,0.491667,0.327279,0.312548,0.491667,0.502876,0.312548,0.491667,0.327279,0.488145,0.491667,0.502876,0.488145,0.31607,0.327279,0.312548,0.31607,0.502876,0.312548,0.31607,0.327279,0.488145,0.31607,0.502876,0.488145,0.491667,-0.494092,0.312548,0.491667,-0.318494,0.312548,0.491667,-0.494092,0.488145,0.491667,-0.318494,0.488145,0.31607,-0.494092,0.312548,0.31607,-0.318494,0.312548,0.31607,-0.494092,0.488145,0.31607,-0.318494,0.488145,0.358921,-0.472627,0.334013,0.358921,-0.339959,0.334013,0.358921,-0.472627,0.46668,0.358921,-0.339959,0.46668,0.226253,-0.472627,0.334013,0.226253,-0.339959,0.334013,0.226253,-0.472627,0.46668,0.226253,-0.339959,0.46668,0.46975,-0.472627,0.222649,0.46975,-0.339959,0.222649,0.46975,-0.472627,0.355317,0.46975,-0.339959,0.355317,0.337082,-0.472627,0.222649,0.337082,-0.339959,0.222649,0.337082,-0.472627,0.355317,0.337082,-0.339959,0.355317,0.352193,-0.439569,0.36707,0.352193,-0.373017,0.36707,0.352193,-0.439569,0.433623,0.352193,-0.373017,0.433623,-0.399061,-0.439569,0.367071,-0.399061,-0.373017,0.367071,-0.399061,-0.439569,0.433623,-0.399061,-0.373017,0.433623,-0.379267,-0.439569,0.357038,-0.379267,-0.373017,0.357038,-0.445819,-0.439569,0.357038,-0.445819,-0.373017,0.357038,-0.379267,-0.439569,-0.394216,-0.379267,-0.373017,-0.394216,-0.445819,-0.439569,-0.394216,-0.445819,-0.373017,-0.394216,-0.234846,-0.472627,0.463669,-0.234846,-0.339959,0.463668,-0.367514,-0.472627,0.463668,-0.367514,-0.339959,0.463668,-0.234846,-0.472627,0.331001,-0.234846,-0.339959,0.331001,-0.367514,-0.472627,0.331001,-0.367514,-0.339959,0.331001,-0.346209,-0.472627,0.35284,-0.346209,-0.339959,0.35284,-0.478877,-0.472627,0.35284,-0.478877,-0.339959,0.35284,-0.346209,-0.472627,0.220172,-0.346209,-0.339959,0.220172,-0.478877,-0.472627,0.220172,-0.478877,-0.339959,0.220172,-0.324744,-0.494092,0.485586,-0.324744,-0.318494,0.485586,-0.500342,-0.494092,0.485586,-0.500342,-0.318494,0.485586,-0.324744,-0.494092,0.309989,-0.324744,-0.318494,0.309989,-0.500342,-0.494092,0.309989,-0.500342,-0.318494,0.309989,0.320923,-0.494092,-0.497968,0.320923,-0.318494,-0.497968,0.49652,-0.494092,-0.497968,0.49652,-0.318494,-0.497968,0.320923,-0.494092,-0.32237,0.320923,-0.318494,-0.32237,0.49652,-0.494092,-0.32237,0.49652,-0.318494,-0.32237,0.342388,-0.472627,-0.365222,0.342388,-0.339959,-0.365222,0.475055,-0.472627,-0.365222,0.475055,-0.339959,-0.365222,0.342388,-0.472627,-0.232554,0.342388,-0.339959,-0.232554,0.475055,-0.472627,-0.232554,0.475055,-0.339959,-0.232554,0.231024,-0.472627,-0.47605,0.231024,-0.339959,-0.47605,0.363692,-0.472627,-0.47605,0.363692,-0.339959,-0.47605,0.231024,-0.472627,-0.343382,0.231024,-0.339959,-0.343382,0.363692,-0.472627,-0.343382,0.363692,-0.339959,-0.343382,0.375445,-0.439569,-0.377372,0.375445,-0.373017,-0.377372,0.441998,-0.439569,-0.377372,0.441998,-0.373017,-0.377372,0.375445,-0.439569,0.373882,0.375445,-0.373017,0.373882,0.441998,-0.439569,0.373882,0.441998,-0.373017,0.373882,-0.382742,-0.439569,-0.379452,-0.382742,-0.373017,-0.379452,-0.382742,-0.439569,-0.446004,-0.382742,-0.373017,-0.446004,0.368512,-0.439569,-0.379452,0.368512,-0.373017,-0.379452,0.368512,-0.439569,-0.446004,0.368512,-0.373017,-0.446004,-0.473571,-0.472627,-0.235031,-0.473571,-0.339959,-0.235031,-0.473571,-0.472627,-0.367699,-0.473571,-0.339959,-0.367699,-0.340904,-0.472627,-0.235031,-0.340904,-0.339959,-0.235031,-0.340904,-0.472627,-0.367698,-0.340904,-0.339959,-0.367698,-0.362743,-0.472627,-0.346394,-0.362743,-0.339959,-0.346394,-0.362743,-0.472627,